;title;link;authors;date;pub_info;result_id;keep_dupl
82;Energy prediction under changed demand conditions: Robust machine learning models and input feature combinations;https://graz.pure.elsevier.com/en/publications/energy-prediction-under-changed-demand-conditions-robust-machine-;Schranz, Thomas, Johannes Exenberger, Christian Møldrup Legaard, Jan Drgona, and Gerald Schweiger.;2021;T Schranz, J Exenberger, CM Legaard… - … Conference of the …, 2021 - graz.pure.elsevier.com;7r8Rm4u5iTcJ;1
204;Energy prediction under changed demand conditions: robust machine learning models and input feature combinations;https://publications.ibpsa.org/conference/paper/?id=bs2021_30806;Combinations, Input Feature, Thomas Schranz, Johannes Exenberger, Christian Møldrup Legaard, and Ján Drgona.;;T Schranz, J Exenberger… - Building …, 2021 - publications.ibpsa.org;p_IEzkO2XZgJ;0
108;Machine Learning Assisted Characteristics Prediction for Wireless Power Transfer Systems;https://ieeexplore.ieee.org/abstract/document/9756526/;Al Mahmud, Shamsul Arefeen, Prasad Jayathurathnage, and Sergei A. Tretyakov.;2022;SA Al Mahmud, P Jayathurathnage… - IEEE Access, 2022 - ieeexplore.ieee.org;sEWLYk6ilbIJ;1
263;Machine Learning Assisted Characteristics Prediction for Wireless Power Transfer Systems;https://aaltodoc.aalto.fi/handle/123456789/114386;;;SAA Mahmud, P Jayathurathnage, SA Tretyakov - 2022 - aaltodoc.aalto.fi;W2pfAzHWXZcJ;0
165;Energy consumption clustering using machine learning: K-means approach;https://ieeexplore.ieee.org/abstract/document/9677130/;Al Skaif, Aghyad, Mohammad Ayache, and Hussein Kanaan.;2021;A Al Skaif, M Ayache, H Kanaan - 2021 22nd International Arab …, 2021 - ieeexplore.ieee.org;AWeIPk6WGlQJ;1
280;Energy consumption clustering using machine learning: K-means approach;https://www.researchgate.net/profile/Hussein-Kanaan/publication/357907768_1_Energy_consumption_clustering_using_machine_learning_K-means_approach/links/61ea58669a753545e2e6854b/1-Energy-consumption-clustering-using-machine-learning-K-means-approach;Kanaan, Hussein, Mohammad Ayache, and Eng Aghyad Al Skaif.;;H Kanaan, M Ayache, EA Al Skaif - researchgate.net;tQZh3yosupAJ;0
291;Power consumption reduction method by classifying individual differences using machine learning;https://cir.nii.ac.jp/crid/1050011097135704704;Toshiyuki, Kantake, and Sugaya Midori.;2018;K Toshiyuki, S Midori - Proceedings of Asia Pacific Conference on Robot …, 2018 - cir.nii.ac.jp;BJtw4qukyCEJ;1
298;Power consumption reduction method by classifying individual differences using machine learning;https://ipsj.ixsq.nii.ac.jp/ej/?action=pages_view_main&active_action=repository_view_main_item_detail&item_id=192971&item_no=1&page_id=13&block_id=8;Kantake, Toshiyuki, and Midori Sugaya.;;T Kantake, M Sugaya - ipsj.ixsq.nii.ac.jp;t39D1r5sdSQJ;0
303;Prediction of Received Signal Power in wireless communications using Machine Learning algorithms;http://ikee.lib.auth.gr/record/306735;Καρρά, Δέσποινα Παναγιώτη.;2019;ΔΠ Καρρά - 2019 - ikee.lib.auth.gr;j3-fc8nVOQAJ;1
305;Prediction of Received Signal Power in wireless communications using Machine Learning algorithms;https://ikee.lib.auth.gr/record/306735/files/GRI-2019-25392.pdf;Karra, Despoina, and Sotirios Goudos.;;D Karra, S Goudos - ikee.lib.auth.gr;_UQL-0rk_QUJ;0
388;Deep learning to estimate power output from breathing;https://www.duo.uio.no/handle/10852/87270;Husom, Erik Johannes Bjørnson LG.;;EJBLG Husom - 2021 - duo.uio.no;Fj31NQuATMgJ;0
389;Deep learning to estimate power output from breathing;https://erikjohannes.no/posts/20210618-master-thesis/husom_erik_johannes_master_thesis.pdf;Grüner, Erik Johannes Bjørnson Løvenskiold.;2021;EJBL Grüner - 2021 - erikjohannes.no;JtbmmyEMj3EJ;1
424;Hybridizing deep learning and neuroevolution: application to the Spanish short-term electric energy consumption forecasting;https://www.mdpi.com/792320;Divina, Federico, José Francisco Torres Maldonado, Miguel García-Torres, Francisco Martínez-Álvarez, and Alicia Troncoso.;2020;F Divina, JF Torres Maldonado, M García-Torres… - Applied Sciences, 2020 - mdpi.com;uye_fJ4cYMoJ;1
507;Hybridizing Deep Learning and Neuroevolution: Application to the Spanish Short-Term Electric Energy Consumption Forecasting;http://repositorio.conacyt.gov.py/handle/20.500.14066/3783;Torres, José F., Federico Divina, Miguel García Torres, Francisco Martínez Alvarez, and Alicia Troncoso.;2020;JF Torres, F Divina, M García Torres… - Aplied …, 2020 - repositorio.conacyt.gov.py;-55en_8-p5kJ;0
508;Hybridizing Deep Learning and Neuroevolution: Application to the Spanish Short-Term Electric Energy Consumption Forecasting.;https://repositorio.conacyt.gov.py/bitstream/handle/20.500.14066/4172/PINV18-661pps6.pdf?sequence=1;García Torres, Miguel.;2020;M García Torres - UACon 21, 2020 - repositorio.conacyt.gov.py;Ge0EaL43NoUJ;0
550;Architecture-level energy estimation for heterogeneous computing systems;https://ieeexplore.ieee.org/abstract/document/9408176/;Wang, Francis, Yannan Nellie Wu, Matthew Woicik, Joel S. Emer, and Vivienne Sze.;2021;F Wang, YN Wu, M Woicik, JS Emer… - 2021 IEEE International …, 2021 - ieeexplore.ieee.org;V0Qh_4Zt1v0J;1
582;Architecture-Level Energy Estimation for Heterogeneous Computing Systems;http://accelergy.mit.edu/ispass2021/hetergeneous_computing_abstract.pdf;Matthew, Francis Wang Yannan Nellie Wu, and Woicik Joel S. Emer Vivienne Sze.;;FWYNW Matthew, WJSEV Sze - accelergy.mit.edu;ERQNz0Sce34J;0
571;Measuring and tuning energy efficiency on large scale high performance computing platforms.;https://www.osti.gov/biblio/1035312;Laros III, James H. Measuring and tuning energy efficiency on large scale high performance computing platforms.;2011;JH Laros III - 2011 - osti.gov;d-jFTk3RUwQJ;1
573;Measuring and tuning energy efficiency on large scale high performance computing platforms;https://digitalrepository.unm.edu/ece_etds/150/;;;JH Laros III - 2012 - digitalrepository.unm.edu;9Xg_EUZ2insJ;0
598;Experimental analysis of task-based energy consumption in cloud computing systems;https://dl.acm.org/doi/abs/10.1145/2479871.2479911;Chen, Feifei, John Grundy, Yun Yang, Jean-Guy Schneider, and Qiang He.;2013;F Chen, J Grundy, Y Yang, JG Schneider… - Proceedings of the 4th …, 2013 - dl.acm.org;6iWz5brz6AoJ;1
913;Experimental Analysis of Task-based Energy Consumption in Cloud Computing Systems;https://citeseerx.ist.psu.edu/document?repid=rep1&type=pdf&doi=11c93be6daf1698a4b0038fb5e0f5baab8df05d3;Grundy, John, Yun Yang, Jean-Guy Schneider, and Qiang He.;2013;J Grundy, Y Yang, JG Schneider, Q He - 2013 - Citeseer;_3RpTi3z4moJ;0
639;Green Computing and Energy Consumption Issues in the Modern Age;https://www.academia.edu/download/33718796/P01269198.pdf;Anwar, Masood, Syed Furqan Qadri, and Ahsan Raza Sattar.;2013;M Anwar, SF Qadri, AR Sattar - IOSR Journal of Computer …, 2013 - academia.edu;KlQINCbAQcIJ;1
752;Green computing and energy consumption issues in the modern age;https://www.academia.edu/download/56942012/IJET-V4I3P107.pdf;Pinto, Sonika Muriel, Vemuri Divya, R. Varsha, and V. Nalina.;2018;SM Pinto, V Divya, R Varsha, V Nalina - International Journal of …, 2018 - academia.edu;DzO782LKEQgJ;1
731;Energy consumption in cloud computing environments;https://su-plus.strathmore.edu/handle/11071/5181;Kenga, Mosoti Derdus, Vincent O. Omwenga O, and Patrick J. Ogao.;2017;MD Kenga, VO Omwenga O, PJ Ogao - 2017 - su-plus.strathmore.edu;3BaTfXDwT10J;0
829;Energy Consumption in Cloud Computing Environments;https://www.academia.edu/download/77187505/Energy_20consumption_20in_20cloud_20computing_20environments.pdf;;;KM Derdus, V Omwenga, P Ogao - 2000 - academia.edu;yavSBfpQhEIJ;0
898;Energy Consumption in Cloud Computing Environments;https://nru.uncst.go.ug/handle/123456789/6545;Mosoti Derdus, Kenga, Vincent Omwenga, and Patrick Ogao.;2017;K Mosoti Derdus, V Omwenga, P Ogao - 2017 - nru.uncst.go.ug;ykz3OilAo8sJ;1
764;Joint optimization of execution latency and energy consumption for mobile edge computing with data compression and task allocation;https://ieeexplore.ieee.org/abstract/document/8921011/;Ly, Minh Hoang, Thinh Quang Dinh, and Ha Hoang Kha.;2019;MH Ly, TQ Dinh, HH Kha - 2019 International Symposium on …, 2019 - ieeexplore.ieee.org;ofqKCWHXmxUJ;1
869;Joint Optimization of Execution Latency and Energy Consumption for Mobile Edge Computing with Data Compression and Task Allocation;https://ui.adsabs.harvard.edu/abs/2019arXiv190912695H/abstract;Hoang Ly, Minh, Thinh Quang Dinh, and Ha Hoang Kha.;2019;M Hoang Ly, T Quang Dinh, H Hoang Kha - arXiv e-prints, 2019 - ui.adsabs.harvard.edu;qeAaLOnbly0J;0
805;Non-liner energy consumption model for cloud computing;https://journal.bupt.edu.cn/EN/abstract/abstract2826.shtml;XIAO, Ding, Ya-pu JIA, and Chuan SHI.;2016;D XIAO, Y JIA, C SHI - Journal of Beijing University of Posts and …, 2016 - journal.bupt.edu.cn;v3utlId0UNYJ;1
843;Non-liner Energy Consumption Model for Cloud Computing;https://journal.bupt.edu.cn/EN/10.13190/j.jbupt.2016.01.020;Ding, Xiao, J. I. A. Ya-pu, and S. H. I. Chuan.;2016;X Ding, JIA Ya-pu, SHI Chuan - Journal of Beijing University of …, 2016 - journal.bupt.edu.cn;eR8fwpw5ZggJ;0
816;A framework for computing power consumption scheduling functions under uncertainty;https://ieeexplore.ieee.org/abstract/document/7436277/;Beaude, Olivier, Achal Agrawal, and Samson Lasaulce.;2015;O Beaude, A Agrawal… - 2015 IEEE International …, 2015 - ieeexplore.ieee.org;tbradKXWBOwJ;1
932;A framework for computing power consumption scheduling functions under uncertainty;https://www.researchgate.net/profile/Olivier-Beaude/publication/304416556_A_framework_for_computing_power_consumption_scheduling_functions_under_uncertainty/links/573c3fec08ae298602e55196/A-framework-for-computing-power-consumption-scheduling-functions-under-uncertainty.pdf;Agrawal, Achal, Olivier Beaude, and Samson Lasaulce.;2015;A Agrawal, O Beaude, S Lasaulce - IEEE Smart Grid …, 2015 - researchgate.net;q0ICEFqlZFwJ;0
852;A novel soft computing approach based on FIR to model and predict energy dynamic systems;https://upcommons.upc.edu/handle/2117/375588;Jurado Gómez, Sergio.;2020;S Jurado Gómez - 2020 - upcommons.upc.edu;fi4bOYus1xMJ;0
893;A novel soft computing approach based on fir to model and predict energy dynamic systems;https://dialnet.unirioja.es/servlet/tesis?codigo=297627;Gómez, Sergio Jurado.;2020;SJ Gómez - 2020 - dialnet.unirioja.es;E3zX7JXOrcwJ;1
906;An algorithm for minimizing energy consumption with reliability goal on multiple processors in a cloud computing environment;https://jscit.nit.ac.ir/index.php/index/article_84983.html?lang=en;Safari Habibabadi, Monire, Reihaneh Khorsand, and Mohammadreza Ramezanpour.;2019;M Safari Habibabadi, R Khorsand… - … of Soft Computing and …, 2019 - jscit.nit.ac.ir;v1NUDnw3CaIJ;1
936;An algorithm for minimizing energy consumption with reliability goal on multiple processors in a cloud computing environment;https://jscit.nit.ac.ir/index.php/jscit/issue/article_84983_af53cabb8cb5ecbe3af6cbef4f674638.pdf?lang=en;Abadi, Monireh Safari Habib, Reihaneh Khorsand Motlagh Esfahani, and Mohammadreza Ramezanpour.;;MSH Abadi, RKM Esfahani, M Ramezanpour - jscit.nit.ac.ir;XsElx0BY-BYJ;0
992;Non-intrusive load monitoring (NILM) for energy disaggregation using soft computing techniques;https://www.mdpi.com/744774;Puente, Cristina, Rafael Palacios, Yolanda González-Arechavala, and Eugenio Francisco Sánchez-Úbeda.;2020;C Puente, R Palacios, Y González-Arechavala… - Energies, 2020 - mdpi.com;pT9_fA59IVcJ;1
1026;Non-intrusive load monitoring (NILM) for energy disaggregation using soft computing techniques;https://repositorio.comillas.edu/xmlui/handle/11531/56107;Puente Águeda, Cristina, Rafael Palacios Hielscher, Yolanda González Arechavala, and Eugenio Francisco Sánchez Ubeda.;2020;C Puente Águeda, R Palacios Hielscher… - 2020 - repositorio.comillas.edu;GKn32rgjf78J;0
1103;Precise Energy Consumption Measurements of Heterogeneous Artificial Intelligence Workloads;https://link.springer.com/chapter/10.1007/978-3-031-23220-6_8;;;R Caspart, S Ziegler, A Weyrauch, H Obermaier… - … Computing. ISC High …, 2023 - Springer;r2_rghI1tTsJ;1
1118;Precise Energy Consumption Measurements of Heterogeneous Artificial Intelligence Workloads;https://books.google.com/books?hl=en&lr=&id=PWClEAAAQBAJ&oi=fnd&pg=PA108&dq=(%22artificial+intelligence%22)+%2B+(consumed%7Cconsumption%7Cpredict)+%2B+(energy%7Cpower%7C%22environmental+impact%22%7C%22carbon+footprint%22%7C%22carbon+emissions%22%7C%22carbon+impact%22)+-wind+-building+-buildings+-vehicles+-homes+-ships+-solar+-photovoltaic+-vehicle&ots=PrCEjWtDlJ&sig=SsxTnXIBSzK65GqKd6J_mMKclb8;;;S Raffeiner, LP Schuhmacher, J Scholtyssek… - books.google.com;em3pBr-aS6cJ;0
1108;Understanding the Energy Consumption of HPC Scale Artificial Intelligence;https://arxiv.org/abs/2212.00582;Santos, Danilo Carastan dos.;2022;DC Santos - arXiv preprint arXiv:2212.00582, 2022 - arxiv.org;ri2ft8tu2qwJ;0
1110;Understanding the Energy Consumption of HPC Scale Artificial Intelligence;https://link.springer.com/chapter/10.1007/978-3-031-23821-5_10;Carastan-Santos, Danilo, and Thi Hoang Thi Pham.;2022;D Carastan-Santos, THT Pham - … 2022, Porto Alegre, Brazil, September 26 …, 2022 - Springer;cjrIW9EAy0wJ;1
1116;Understanding the Energy Consumption of HPC Scale Artificial Intelligence;https://hal.inria.fr/hal-03845090/;;;DC dos Santos - Latin America High Performance Computing …, 2022 - hal.inria.fr;ciKCVGi31HkJ;0
1155;Estimating the Power Consumption of Heterogeneous Devices when performing AI Inference;https://arxiv.org/abs/2207.06150;Machado, Pedro, Ivica Matic, Francisco de Lemos, Isibor Kennedy Ihianle, and David Ada Adama.;2022;P Machado, I Matic, F de Lemos, IK Ihianle… - arXiv preprint arXiv …, 2022 - arxiv.org;XHc0KbYJrHEJ;1
1160;Estimating the Power Consumption of Heterogeneous Devices When Performing Ai Inference;https://papers.ssrn.com/sol3/papers.cfm?abstract_id=4198805;Matic, Ivica, Francisco de Lemos, Dr Isibor Kennedy Ihianle, Dr David Ada Adama, and Pedro Machado.;;I Matic, F de Lemos, DIK Ihianle, DDA Adama… - Available at SSRN … - papers.ssrn.com;fMVDbA7aQB8J;0
1187;A deep neural network for simultaneous estimation of b jet energy and resolution;https://link.springer.com/article/10.1007/s41781-020-00041-z;Sirunyan, Albert M., Armen Tumasyan, Wolfgang Adam, Federico Ambrogi, Thomas Bergauer, Marko Dragicevic, Janos Erö et al.;2020;AM Sirunyan, A Tumasyan, W Adam, F Ambrogi… - Computing and software …, 2020 - Springer;AZvSfqgysK4J;1
1228;A Deep Neural Network for Simultaneous Estimation of b Jet Energy and Resolution;https://cris.unibo.it/bitstream/11585/803237/2/s41781-020-00041-z.pdf;Sirunyan, A. M., A. Tumasyan, W. Adam, F. Ambrogi, T. Bergauer, M. Dragicevic, J. Erö et al.;2020;CMS Collaboration193 - 2020 - cris.unibo.it;tYJR7qst0tIJ;0
1233;A Deep Neural Network for Simultaneous Estimation of b Jet Energy and Resolution;https://elib.bsu.by/handle/123456789/288248;CMS Collaboration.;2020;CMS Collaboration - 2020 - elib.bsu.by;lbuGP3MLP88J;0
1198;Neural network macromodel for high-level power estimation of cmos circuits;https://ieeexplore.ieee.org/abstract/document/1614789/;Gao, Xun, Yuanyuan Yan, Yang Cao, and Wei Qiang.;2005;X Gao, Y Yan, Y Cao, W Qiang - 2005 International Conference …, 2005 - ieeexplore.ieee.org;TZEMeQr31-IJ;1
1235;Neural Network Macromodel for High-Level Power Estimation of CMOS Circuits;https://www.infona.pl/resource/bwmeta1.element.ieee-art-000001614789;Qiang, Wei, Yang Cao, Yuanyuan Yan, and Xun Gao.;;W Qiang, Y Cao, Y Yan, X Gao - … Conference on Neural Networks and Brain - infona.pl;g-OcMEW_R2AJ;0
1202;Artificial neural network based cost estimation of power losses in electricity distribution system;https://ieeexplore.ieee.org/abstract/document/9815721/;Gören, Gökhan, Burak Dindar, and Ömer Gül.;2022;G Gören, B Dindar, Ö Gül - 2022 4th Global Power, Energy and …, 2022 - ieeexplore.ieee.org;AC05l0W271AJ;1
1240;Artificial Neural Network based Cost Estimation of Power Losses in Electricity Distribution System;https://avesis.itu.edu.tr/yayin/6c9255fd-5431-4014-bc8a-04959727758b/artificial-neural-network-based-cost-estimation-of-power-losses-in-electricity-distribution-system;Goren, Gokhan, Burak Dindar, and Ömer Gül.;;G Goren, B Dindar, Ö Gül - avesis.itu.edu.tr;taayq-er8D4J;0
1237;Robustness of a Neural Network Model for Power Peak Factor Estimation in Protection Systems;https://www.osti.gov/biblio/20995648;Moreira, Joao ML.;2006;JML Moreira - 2006 - osti.gov;WcOaium-RCgJ;0
1239;Robustness of a Neural Network Model for Power Peak Factor Estimation in Protection Systems;https://asmedigitalcollection.asme.org/ICONE/proceedings-abstract/ICONE14/285/315733;Souza, Rose Mary GP, and Joa˜ O. ML Moreira.;2006;RMGP Souza, JML Moreira - International …, 2006 - asmedigitalcollection.asme.org;l3aZ-hMRwZAJ;1
1333;Development of Neural Network Prediction Models for the Energy Producibility of a Parabolic Dish: A Comparison with the Analytical Approach;https://search.proquest.com/openview/684490ad6e8fcda57870f1ac38424e49/1?pq-origsite=gscholar&cbl=2032402;;;VL Brano, S Guarino, A Buscemi, M Bonomolo - Energies, 2022 - search.proquest.com;WTwomfmVZs4J;0
1367;Development of Neural Network Prediction Models for the Energy Producibility of a Parabolic Dish: A Comparison with the Analytical Approach;https://www.mdpi.com/article/10.3390/en15249298;Lo Brano, Valerio, Stefania Guarino, Alessandro Buscemi, and Marina Bonomolo.;2022;V Lo Brano, S Guarino, A Buscemi, M Bonomolo - Energies, 2022 - mdpi.com;OWlnuhd1A7QJ;1
1357;Prediction of power losses in transformer cores using feed forward neural network and genetic algorithm;https://www.sciencedirect.com/science/article/pii/S0263224106000212;Kucuk, Ilker, and Naim Derebasi.;2006;I Kucuk, N Derebasi - Measurement, 2006 - Elsevier;nkvNM1IjrdsJ;1
1523;Prediction of power losses in transformer cores using feed forward neural network and genetic algorithm;https://acikerisim.uludag.edu.tr/handle/11452/22837;Küçük, İlker, and Naim Derebaşı.;2006;İ Küçük, N Derebaşı - 2006 - acikerisim.uludag.edu.tr;vDtyjoRPaiYJ;0
1358;A power-aware hybrid cache for chip-multi processors based on neural network prediction technique;https://search.proquest.com/openview/8134b629274463dd70809b4218794822/1?pq-origsite=gscholar&cbl=48389;Furat, Al-Obaidy, Asad Arghavan, and Farah A. Mohammadi.;2021;AO Furat, A Arghavan… - International Journal of …, 2021 - search.proquest.com;x2UwashDnREJ;0
1369;A Power-Aware Hybrid Cache for Chip-Multi Processors Based on Neural Network Prediction Technique;https://link.springer.com/article/10.1007/s10766-021-00691-5;Al-Obaidy, Furat, Arghavan Asad, and Farah A. Mohammadi.;2021;F Al-Obaidy, A Asad, FA Mohammadi - International Journal of Parallel …, 2021 - Springer;1rqN1O5UBnwJ;1
1626;Estimation of the Ageing of Metallic Layers in Power Semiconductor Modules Using the Eddy Current Method and Artificial Neural Networks;https://www.jpier.org/issues/volume.html?paper=14091602;;;T Anh, N Pierre, Y Joubert, S Lefebvre - jpier.org;nv5-axOrD4IJ;0
1628;Estimation of the Ageing of Metallic Layers in Power Semiconductor Modules Using the Eddy Current Method and Artificial Neural Networks;https://www.jpier.org/PIERM/pier.php?paper=14091602;Nguyen, Tien Anh, Pierre-Yves Joubert, and Stéphane Lefebvre.;2014;TA Nguyen, PY Joubert, S Lefebvre - Progress In Electromagnetics …, 2014 - jpier.org;oqQh4ItHSgUJ;1
1714;Comparing Long Short-Term Memory (LSTM) and Bidirectional LSTM Deep Neural Networks for power consumption prediction;https://arxiv.org/abs/2305.16546;da Silva, Davi Guimarães, and Anderson Alvarenga de Moura Meneses.;2023;DG da Silva, AAM Meneses - arXiv preprint arXiv:2305.16546, 2023 - arxiv.org;JKzU5KNOsz0J;0
1766;Comparing Long Short-Term Memory (LSTM) and Bidirectional LSTM Deep Neural Networks for power consumption prediction;https://ui.adsabs.harvard.edu/abs/2023arXiv230516546G/abstract;Guimarães da Silva, Davi, and Anderson Alvarenga de Moura Meneses.;2023;D Guimarães da Silva… - arXiv e …, 2023 - ui.adsabs.harvard.edu;fg47M6cHqF0J;1
1752;Forecasting energy consumption: Fundamental modeling using classical statistics and neural networks;https://link.springer.com/chapter/10.1007/978-3-642-80117-4_49;Klaus, Matthias, Heinz Rehkugler, and Claus Hüsselmann.;1996;M Klaus, H Rehkugler, C Hüsselmann - Operations Research Proceedings …, 1996 - Springer;SXqTKI-A_0EJ;1
1773;Forecasting energy consumption: Fundamental modeling using classical statistics and neural networks;https://books.google.com/books?hl=en&lr=&id=EL3TBgAAQBAJ&oi=fnd&pg=PA282&dq=(%22neural+networks%22)+%2B+(consumption%7Cpredict%7Cprediction%7Cpredicting)+%2B+(energy%7Cpower%7C%22environmental+impact%22%7C%22carbon+footprint%22%7C%22carbon+emissions%22%7C%22carbon+impact%22)+-wind+-building+-buildings+-vehicles+-homes+-ships+-solar+-photovoltaic+-vehicle&ots=xxPX_7--bO&sig=5-6vMkhnf0ywSgWbsKEOT3-nfZs;Hüsselmann, Claus.;2013;C Hüsselmann - … Research Proceedings 1995: Selected Papers of …, 2013 - books.google.com;9OGs1Tqe_KoJ;0
1774;Prediction of power peak factor using artificial neural networks;https://www.osti.gov/etdeweb/biblio/21071460;Souza, Rose Mary Gomes do Prado, and Joao Manoel Losada Moreira.;2007;RMGP Souza, JML Moreira - 2007 - osti.gov;-dsnU1EIHm0J;1
1775;PREDICTION OF POWER PEAK FACTOR USING ARTIFICIAL NEURAL NETWORKS;https://www.ipen.br/biblioteca/cd/inac/2007/pdf_dvd/R01_1656.pdf;do Prado Souza, Rose Mary Gomes, and João Manoel Losada Moreira.;;RMG do Prado Souza, JML Moreira - ipen.br;hPhY67gUBEMJ;0
1883;Computation and power reduction techniques for H. 264 intra prediction;https://www.sciencedirect.com/science/article/pii/S0141933111001256;Adibelli, Yusuf, Mustafa Parlak, and Ilker Hamzaoglu.;2012;Y Adibelli, M Parlak, I Hamzaoglu - Microprocessors and Microsystems, 2012 - Elsevier;cN5bImx1FmwJ;1
1919;Computation and power reduction techniques for H. 264 intra prediction;https://research.sabanciuniv.edu/19051/;Adıbelli, Yusuf, Mustafa Parlak, and İlker Hamzaoğlu.;2012;Y Adıbelli, M Parlak… - Microprocessors and …, 2012 - research.sabanciuniv.edu;VyrLTA73jWkJ;0
1889;A Comparative Analysis of the Computation Cost and Energy Consumption of Relevant Curves of ECC Presented in Literature;https://www.ijecer.org/ijecer/article/view/318;;;M Elhajj, P Mulder - International Journal of Electrical and Computer …, 2023 - ijecer.org;s22Xn1oXExcJ;0
1898;A comparative analysis of the computation cost and energy consumption of relevant curves of ECC presented in literature;http://essay.utwente.nl/91874/;Mulder, P. W.;;PW Mulder - 2022 - essay.utwente.nl;Aelp5OF7UcAJ;1
1941;Evaluating the NVIDIA tegra processor as a low-power alternative for sparse GPU computations;https://link.springer.com/chapter/10.1007/978-3-319-73353-1_8;Aliaga, José I., Ernesto Dufrechou, Pablo Ezzatti, and Enrique S. Quintana-Ortí.;2018;JI Aliaga, E Dufrechou, P Ezzatti… - … Computing: 4th Latin …, 2018 - Springer;_9PI6cmqcqoJ;1
1942;Evaluating the NVIDIA Tegra Processor as a Low-Power Alternative for Sparse GPU Computations;https://books.google.com/books?hl=en&lr=&id=Lr1EDwAAQBAJ&oi=fnd&pg=PA111&dq=(computations)+%2B+(quantifying%7Cmonitor%7Cmonitoring%7Cevaluate%7Cevaluating)+%2B+(energy%7Cpower%7C%22environmental+impact%22%7C%22carbon+footprint%22%7C%22carbon+emissions%22%7C%22carbon+impact%22)+-wind+-building+-buildings+-vehicles+-homes+-ships+-solar+-photovoltaic+-vehicle&ots=o50XRuoSo8&sig=3gK5fPosnTNFMahXdzZp0PJ33mo;Ezzatti, Pablo, and Enrique S. Quintana-Ortı.;2017;P Ezzatti, ES Quintana-Ortı - High Performance Computing: 4th …, 2017 - books.google.com;GxWvUlRQgJIJ;0
1981;Estimation of power consumption of each application considering software dependency in Android;https://www.jstage.jst.go.jp/article/ipsjjip/27/0/27_221/_article/-char/ja/;Kurihara, Shun, Shoki Fukuda, Takeshi Kamiyama, Akira Fukuda, Masato Oguchi, and Saneyasu Yamaguchi.;2019;S Kurihara, S Fukuda, T Kamiyama… - Journal of Information …, 2019 - jstage.jst.go.jp;bFnHYHwlAfsJ;1
2047;Estimation of Power Consumption of Each Application Considering Software Dependency in Android;https://cir.nii.ac.jp/crid/1050564287863194368;;;K Shun, F Shoki, K Takeshi, F Akira, O Masato… - 情報処理学会論文誌 …, 2019 - cir.nii.ac.jp;92GJEZH-0ccJ;0
2003;High level power estimation based on a functional analysis for embedded DSP software;https://hal.science/hal-00077564/;Laurent, Johann, Nathalie Julien, Eric Senn, and Eric Martin.;2001;J Laurent, N Julien, E Senn, E Martin - IWLS, 2001 - hal.science;ftrcdWYSDcoJ;1
2038;High Level Power Estimation based on a functional analysis for Embedded DSP Software;https://citeseerx.ist.psu.edu/document?repid=rep1&type=pdf&doi=c98b8941e5b1dc2e96fefc3614e6e03b41027e55;JULIEN, Johann LAURENT Nathalie, Eric SENN, and Eric MARTIN.;;JLN JULIEN, E SENN, E MARTIN - Citeseer;XEFGX_hXiDEJ;0
2066;Power consumption of GPUs from a software perspective;https://link.springer.com/chapter/10.1007/978-3-642-01970-8_92;Collange, Sylvain, David Defour, and Arnaud Tisserand.;2009;S Collange, D Defour, A Tisserand - … Baton Rouge, LA, USA, May 25-27 …, 2009 - Springer;5fBaFlqLRUEJ;1
2277;Power Consumption of GPUs from a Software Perspective;https://www.academia.edu/download/50817459/Power_Consumption_of_GPUs_from_a_Softwar20161210-25400-nruc5i.pdf;Defour, David.;;D Defour - academia.edu;IptZjTmjH0AJ;0
2076;Estimating the worst-case energy consumption of embedded software;https://ieeexplore.ieee.org/abstract/document/1613325/;Jayaseelan, Ramkumar, Tulika Mitra, and Xianfeng Li.;2006;R Jayaseelan, T Mitra, X Li - 12th IEEE Real-Time and …, 2006 - ieeexplore.ieee.org;RyRHwBpbYZsJ;1
2298;Estimating the Worst-Case Energy Consumption of Embedded Software;https://citeseerx.ist.psu.edu/document?repid=rep1&type=pdf&doi=6e8908c9846e8186f8099e366a68ab73a7821b38;XianfengLi, RamkumarJayaseelan TulikaMitra.;;RJTM XianfengLi - Energy (nano Joules) - Citeseer;s22qCbSeiBwJ;0
2100;On energy debt: managing consumption on evolving software;https://dl.acm.org/doi/abs/10.1145/3387906.3388628;Couto, Marco, Daniel Maia, João Saraiva, and Rui Pereira.;2020;M Couto, D Maia, J Saraiva, R Pereira - Proceedings of the 3rd …, 2020 - dl.acm.org;-hBkOrS2O_EJ;1
2249;On energy debt: managing consumption on evolving software;http://repositorio.inesctec.pt/bitstream/123456789/11992/1/P-00S-W21.pdf;Maia, D., Rui Alexandre Pereira, João Alexandre Saraiva, and Marco Linhares Couto.;2020;D Maia, RA Pereira, JA Saraiva, ML Couto - 2020 - repositorio.inesctec.pt;7t1fY3fTWxsJ;0
2108;HEVC hardware vs software decoding: An objective energy consumption analysis and comparison;https://www.sciencedirect.com/science/article/pii/S1383762121000199;Khernache, Mohammed Bey Ahmed, Yahia Benmoussa, Jalil Boukhobza, and Daniel Menard.;2021;MBA Khernache, Y Benmoussa, J Boukhobza… - Journal of Systems …, 2021 - Elsevier;nchp49vWZx0J;0
2244;HEVC hardware vs software decoding:: An objective energy consumption analysis and comparison;https://dl.acm.org/doi/abs/10.1016/j.sysarc.2021.102004;Bey Ahmed Khernache, Mohammed, Yahia Benmoussa, Jalil Boukhobza, and Daniel Menard.;2021;M Bey Ahmed Khernache, Y Benmoussa, J Boukhobza… - 2021 - dl.acm.org;2z1M2jlv9pAJ;1
2119;Centralized energy prediction in wireless sensor networks leveraged by software-defined networking;https://www.mdpi.com/1996-1073/14/17/5379;Nunez Segura, Gustavo A., and Cintia Borges Margi.;2021;GA Nunez Segura, C Borges Margi - Energies, 2021 - mdpi.com;wcYQPBfVLooJ;1
2268;Centralized Energy Prediction in Wireless Sensor Networks Leveraged by Software-Defined Networking;https://ideas.repec.org/a/gam/jeners/v14y2021i17p5379-d625064.html;Segura, Gustavo A. Nunez, and Cintia Borges Margi.;2021;GAN Segura, CB Margi - Energies, 2021 - ideas.repec.org;34_ctMXFCNkJ;0
2141;Prediction models for performance, power, and energy efficiency of software executed on heterogeneous hardware;https://link.springer.com/article/10.1007/s11227-018-2252-6;Bán, Dénes, Rudolf Ferenc, István Siket, Ákos Kiss, and Tibor Gyimóthy.;2019;D Bán, R Ferenc, I Siket, Á Kiss, T Gyimóthy - The Journal of …, 2019 - Springer;m3froJ6iZKIJ;0
2168;Prediction models for performance, power, and energy efficiency of software executed on heterogeneous hardware;https://ieeexplore.ieee.org/abstract/document/7345645/;Bán, Dénes, Rudolf Ferenc, István Siket, and Ákos Kiss.;2015;D Bán, R Ferenc, I Siket, Á Kiss - 2015 IEEE Trustcom …, 2015 - ieeexplore.ieee.org;9tYlpt3PDLoJ;1
2278;Consumption Management Software for Electric Power Suppliers.;https://search.ebscohost.com/login.aspx?direct=true&profile=ehost&scope=site&authtype=crawler&jrnl=20693230&AN=148867667&h=eH1MQerCs%2FCQWwb1oiHHzGvnQ4POOROcL%2F7ILqPP57cc5mVQ8%2FpL691n1uUaUvRW%2BrGjKyajDGX8%2BqFgM5qp5Q%3D%3D&crl=c;Bologa, Ana-Ramona, Simona-Vasilica Oprea, Adela Bara, Florin-Constantin Ciobanu, and Osman Bülent TÖR.;2020;AR Bologa, SV Oprea, A Bara… - Database Systems …, 2020 - search.ebscohost.com;sA720o4vayQJ;1
2279;Consumption Management Software for Electric Power Suppliers;https://www.dbjournal.ro/archive/31/31_SPI.pdf#page=32;;;OBTÖR CIOBANU - DATABASE SYSTEMS - dbjournal.ro;JprGnaIz3f0J;0
2336;Using the Greenup, Powerup, and Speedup metrics to evaluate software energy efficiency;https://ieeexplore.ieee.org/abstract/document/7393699/;Abdulsalam, Sarah, Ziliang Zong, Qijun Gu, and Meikang Qiu.;2015;S Abdulsalam, Z Zong, Q Gu… - 2015 Sixth International …, 2015 - ieeexplore.ieee.org;urgHX5jh5uAJ;1
2355;Using the greenup, powerup and speedup metrics to evaluate software energy efficiency;https://digital.library.txstate.edu/handle/10877/6855;Abdulsalam, Sarah.;2016;S Abdulsalam - 2016 - digital.library.txstate.edu;OZApx2zhjgsJ;0
2420;An algorithm to select a server to minimize the total energy consumption of a cluster;https://link.springer.com/chapter/10.1007/978-3-030-61105-7_3;Noguchi, Kaiya, Takumi Saito, Dilawaer Duolikun, Tomoya Enokido, and Makoto Takizawa.;2021;K Noguchi, T Saito, D Duolikun, T Enokido… - Advances on P2P …, 2021 - Springer;Q5YY3ONg898J;1
2478;An Algorithm to Select a Server to Minimize the Total Energy Consumption of a Cluster;https://books.google.com/books?hl=en&lr=&id=iAACEAAAQBAJ&oi=fnd&pg=PA18&dq=(server)+%2B+(consumption%7Cpredict%7Cprediction%7Cpredicting%7Ctrack%7Ctracking)+%2B+(energy%7Cpower%7C%22environmental+impact%22%7C%22carbon+footprint%22%7C%22carbon+emissions%22%7C%22carbon+impact%22)+-wind+-building+-buildings+-vehicles+-homes+-ships+-solar+-photovoltaic+-vehicle&ots=DBDeK0YQGW&sig=dBngu6Yuk2_g2qCjOxaAk_MXr8M;Takizawa, Makoto.;2020;M Takizawa - Advances on P2P, Parallel, Grid, Cloud and …, 2020 - books.google.com;zvQoVcrTOWYJ;0
2460;Performance and energy consumption tradeoff in server consolidation;https://www.sciencedirect.com/science/article/pii/S2772485922000473;Bermejo, Belen, and Carlos Juiz.;2022;B Bermejo, C Juiz - BenchCouncil Transactions on Benchmarks, Standards …, 2022 - Elsevier;q_POu8HoGXcJ;1
2488;Performance and energy consumption tradeoff in server consolidation;https://dspace.uib.es/xmlui/handle/11201/156346;Bermejo González, Belén.;;B Bermejo González - dspace.uib.es;rBXbUD44uOgJ;0
2517;Power consumption of virtual machine live migration in clouds;https://ieeexplore.ieee.org/abstract/document/5931175/;Huang, Qiang, Fengqian Gao, Rui Wang, and Zhengwei Qi.;2011;Q Huang, F Gao, R Wang, Z Qi - 2011 third international …, 2011 - ieeexplore.ieee.org;6bP6axTXsOIJ;1
2567;Power Consumption of Virtual Machine Live Migration in Clouds;https://core.ac.uk/download/pdf/228557451.pdf;YUNUS, MD, and POLEPALLI BHARGAVI.;;MD YUNUS, P BHARGAVI - core.ac.uk;p48_I3Ht4bcJ;1
2570;Power Consumption of Virtual Machine Live Migration in Clouds;https://csc.csudh.edu/btang/seminar/slides/manar.pdf;Karur, Anusha, Manar Alqarni, and Muhannad Alghamdi.;;A Karur, M Alqarni, M Alghamdi - csc.csudh.edu;tywxTtZmiFgJ;0
2571;Implementation of an energy saving cloud infrastructure with virtual machine power usage monitoring and live migration on OpenStack;https://link.springer.com/article/10.1007/s00607-020-00808-7;Yang, Chao-Tung, and Tsung-Yueh Wan.;2020;CT Yang, TY Wan - Computing, 2020 - Springer;OgAdn1ABH7EJ;1
2572;Implementation of an energy saving cloud infrastructure with virtual machine power usage monitoring and live migration on openstack;https://ieeexplore.ieee.org/abstract/document/7823816/;Wan, Tsung-Yueh, Chun-I.;2016;TY Wan, CI Chiang, CT Yang… - 2016 IEEE 22nd …, 2016 - ieeexplore.ieee.org;fuZv1DpxaTwJ;1
2576;Scheduling algorithms for federated learning with minimal energy consumption;https://ieeexplore.ieee.org/abstract/document/10032558/;;;LL Pilla - IEEE Transactions on Parallel and Distributed …, 2023 - ieeexplore.ieee.org;6_MYrun_6ngJ;1
2585;Scheduling Algorithms for Federated Learning with Minimal Energy Consumption;https://ui.adsabs.harvard.edu/abs/2022arXiv220906210L/abstract;Lima Pilla, Laércio.;2022;L Lima Pilla - arXiv e-prints, 2022 - ui.adsabs.harvard.edu;yyS7Dm2675IJ;0